summary,LRPrediction,LRRmsePrediction,GBPrediction,GBRmsePrediction,RFPrediction,RFRmsePrediction
count,2985217,2985217,2985217,2985217,2985217,2985217
mean,0.013489605,0.01558999,0.017237236,0.049825058,0.017328287,0.016195289
stddev,0.033752893,0.062632,0.054881821,0.259720837,0.0374978,0.034937935
min,-0.79646079,-5.760301183,-0.546185057,-2.850114819,-1.042010631,-0.992454867
max,3.997517916,15.78358522,2.153398543,2.325328526,0.698428709,0.77431651
